age_group,GENDER,total_sales
Middle-Aged(36-60y),female,259.97999781370163
Elderly(60+y),male,99.99000024795532
Elderly(60+y),female,88.43000051379204
"Young Adults(18-35y)",female,55.94999969005585
Middle-Aged(36-60y),male,39.10000038146973
"Young Adults(18-35y)",male,21.769999742507935
