BRAND,final_sales,users_over_6_months
CVS,72,1
TRESEMMÉ,29.15999984741211,1
TRIDENT,23.360000610351562,1
"COORS LIGHT",17.479999542236328,1
DOVE,11.970000267028809,1
